20638442,2017-07-01
20702128,2017-07-01
20701493,2017-07-01
20701930,2017-07-01
20701413,2017-07-01
20701955,2017-07-01
20701003,2017-07-06
20701513,2017-07-01
20701393,2017-07-01
20701233,2017-07-01
20702116,2017-07-01
20701422,2017-07-01
20701237,2017-07-01
20701273,2017-07-01
20701256,2017-07-01
20701496,2017-07-01
20701531,2017-07-01
20702094,2017-07-01
20701966,2017-07-01
20701970,2017-07-01
20701951,2017-07-01
20702125,2017-07-01
20701252,2017-07-01
20701278,2017-07-01
20702097,2017-07-01
20701410,2017-07-01
20701517,2017-07-01
20702113,2017-07-01
20701398,2017-07-01
20701425,2017-07-01
20701527,2017-07-01
20701933,2017-07-01
20705497,2017-07-01
20670020,2017-07-03
20687782,2017-07-03
20744455,2017-07-03
20693310,2017-07-03
20743304,2017-07-03
20688578,2017-07-03
20610852,2017-07-03
20744791,2017-07-03
20737663,2017-07-03
20744300,2017-07-03
20644732,2017-07-03
20721077,2017-07-03
20734851,2017-07-03
20711890,2017-07-03
20693294,2017-07-03
20413415,2017-07-03
20718248,2017-07-04
20622133,2017-07-03
20743037,2017-07-03
20722480,2017-07-03
20470809,2017-07-04
20744529,2017-07-03
20707811,2017-07-03
20727088,2017-07-05
20724328,2017-07-03
20499712,2017-07-03
20716242,2017-07-03
20479441,2017-07-05
20666237,2017-07-04
20741859,2017-07-03
20671728,2017-07-03
20685154,2017-07-04
20592037,2017-07-03
20682798,2017-07-03
20660268,2017-07-03
20011260,2017-07-03
20743741,2017-07-03
20698215,2017-07-03
20718775,2017-07-03
20743226,2017-07-03
20726176,2017-07-03
20706063,2017-07-03
20677393,2017-07-03
20665350,2017-07-04
20743964,2017-07-04
20738542,2017-07-03
20740817,2017-07-03
20645388,2017-07-03
20663721,2017-07-03
20687377,2017-07-03
20722775,2017-07-03
20745049,2017-07-03
20706177,2017-07-03
20521427,2017-07-03
20737095,2017-07-03
20743507,2017-07-03
20743810,2017-07-04
20702788,2017-07-03
20657064,2017-07-03
20664327,2017-07-03
20674373,2017-07-03
20731160,2017-07-03
20452038,2017-07-03
20538257,2017-07-03
20724938,2017-07-07
20288565,2017-07-03
20744829,2017-07-03
20644341,2017-07-03
20743156,2017-07-04
20743450,2017-07-03
20744366,2017-07-03
20703419,2017-07-03
20661903,2017-07-03
20662994,2017-07-03
20708337,2017-07-03
20653246,2017-07-04
20728222,2017-07-04
20585324,2017-07-03
20744967,2017-07-03
20743344,2017-07-03
20718246,2017-07-03
20673785,2017-07-03
20724617,2017-07-04
20703857,2017-07-03
20744985,2017-07-04
20744115,2017-07-03
20704743,2017-07-03
20735792,2017-07-03
20154962,2017-07-03
20666925,2017-07-04
20629894,2017-07-03
20479550,2017-07-04
20002451,2017-07-03
20702366,2017-07-03
20647152,2017-07-03
20686716,2017-07-03
20687488,2017-07-03
20697209,2017-07-03
20688446,2017-07-03
20721665,2017-07-03
20722091,2017-07-03
20727911,2017-07-03
20706722,2017-07-03
20739463,2017-07-04
20743635,2017-07-03
20400663,2017-07-03
20578387,2017-07-03
20687357,2017-07-03
20700740,2017-07-03
20666127,2017-07-03
20670646,2017-07-03
20651969,2017-07-03
20684275,2017-07-08
20709392,2017-07-03
20718894,2017-07-03
20662365,2017-07-03
20724921,2017-07-03
20706746,2017-07-03
20263687,2017-07-03
20724415,2017-07-03
20743422,2017-07-03
20741966,2017-07-03
20668108,2017-07-04
20742997,2017-07-03
20692002,2017-07-03
20416825,2017-07-04
20707924,2017-07-04
20370839,2017-07-03
20689765,2017-07-03
20744549,2017-07-04
20670800,2017-07-03
20672719,2017-07-03
20744872,2017-07-03
20686383,2017-07-04
20724660,2017-07-03
20652411,2017-07-03
20693836,2017-07-03
20727259,2017-07-03
20648866,2017-07-03
20743440,2017-07-03
20690678,2017-07-04
20674054,2017-07-03
20686353,2017-07-03
20531820,2017-07-03
20689863,2017-07-03
20726876,2017-07-03
20744462,2017-07-03
20713578,2017-07-03
20712293,2017-07-03
20646251,2017-07-04
20626378,2017-07-03
20705863,2017-07-04
20712547,2017-07-04
20508142,2017-07-03
20659394,2017-07-03
20719584,2017-07-03
20684563,2017-07-03
20731948,2017-07-03
20595523,2017-07-03
20743394,2017-07-03
20734885,2017-07-03
20622873,2017-07-03
20718351,2017-07-03
20705079,2017-07-04
20660490,2017-07-01
20695676,2017-07-03
20744022,2017-07-08
20712257,2017-07-03
20664489,2017-07-03
20743852,2017-07-03
20716541,2017-07-03
20614004,2017-07-03
20704960,2017-07-03
20716234,2017-07-03
20728870,2017-07-04
20655528,2017-07-03
20697960,2017-07-03
20744621,2017-07-03
20672566,2017-07-04
20342521,2017-07-03
20672149,2017-07-03
20695597,2017-07-04
20743559,2017-07-03
20743670,2017-07-03
20743185,2017-07-03
20705415,2017-07-03
20630427,2017-07-03
20673737,2017-07-03
20598047,2017-07-03
20693828,2017-07-03
20720770,2017-07-03
20710151,2017-07-03
20744891,2017-07-04
20542873,2017-07-04
20743662,2017-07-03
20435975,2017-07-03
20744478,2017-07-04
20677011,2017-07-03
20672208,2017-07-03
20634938,2017-07-03
20648860,2017-07-03
20743381,2017-07-03
20646680,2017-07-03
20687173,2017-07-10
20666215,2017-07-03
20743821,2017-07-03
20743544,2017-07-03
20711678,2017-07-03
20744174,2017-07-03
20606116,2017-07-03
20627167,2017-07-01
20687312,2017-07-03
20725186,2017-07-04
20664962,2017-07-03
20744753,2017-07-03
20573667,2017-07-03
20725717,2017-07-06
20687583,2017-07-03
20745032,2017-07-03
20652816,2017-07-03
20712169,2017-07-03
20693392,2017-07-03
20702589,2017-07-03
20683636,2017-07-04
20743294,2017-07-03
20703151,2017-07-03
20744771,2017-07-03
20622194,2017-07-07
20436351,2017-07-03
20744522,2017-07-03
20663597,2017-07-03
20522327,2017-07-03
20592704,2017-07-03
20726602,2017-07-03
20571540,2017-07-03
20744645,2017-07-04
20554473,2017-07-03
20700678,2017-07-03
20734849,2017-07-03
20707673,2017-07-03
20707925,2017-07-03
20723566,2017-07-03
20664134,2017-07-03
20703500,2017-07-03
20475448,2017-07-05
20705493,2017-07-03
20536032,2017-07-03
20689694,2017-07-03
20725104,2017-07-03
20743998,2017-07-03
20570756,2017-07-04
20610477,2017-07-03
20744395,2017-07-04
20627335,2017-07-03
20726651,2017-07-03
20743807,2017-07-03
20562625,2017-07-06
20743592,2017-07-03
20729251,2017-07-04
20698617,2017-07-03
20644764,2017-07-03
20084024,2017-07-03
20744291,2017-07-03
20657636,2017-07-03
20694566,2017-07-03
20742779,2017-07-01
20696358,2017-07-03
20743890,2017-07-03
20436859,2017-07-03
20705904,2017-07-04
20701082,2017-07-03
20743942,2017-07-03
20740981,2017-07-03
20721243,2017-07-03
20701703,2017-07-04
20656022,2017-07-03
20728794,2017-07-03
20744834,2017-07-03
20631472,2017-07-04
20715353,2017-07-03
20691421,2017-07-03
20720437,2017-07-03
20715167,2017-07-03
20647161,2017-07-03
20744507,2017-07-03
20590099,2017-07-03
20438172,2017-07-03
20728510,2017-07-03
20689190,2017-07-03
20644459,2017-07-03
20656995,2017-07-03
20378782,2017-07-03
20553753,2017-07-03
20700104,2017-07-03
20680145,2017-07-03
20716573,2017-07-03
20706474,2017-07-03
20683733,2017-07-03
20709522,2017-07-08
20744018,2017-07-03
20698470,2017-07-03
20649056,2017-07-03
20193524,2017-07-03
20674635,2017-07-03
20671511,2017-07-03
20744208,2017-07-03
20648082,2017-07-03
20708557,2017-07-03
20724580,2017-07-03
20447267,2017-07-03
20631334,2017-07-03
20743482,2017-07-03
20743655,2017-07-03
20642890,2017-07-03
20660028,2017-07-03
20714461,2017-07-03
20631342,2017-07-03
20669430,2017-07-04
20595549,2017-07-03
20324383,2017-07-03
20666511,2017-07-03
20614874,2017-07-03
20658950,2017-07-03
20706310,2017-07-04
20705303,2017-07-03
20706058,2017-07-03
20725669,2017-07-03
20706622,2017-07-03
20722925,2017-07-03
20739086,2017-07-03
20743583,2017-07-03
20585196,2017-07-03
20686747,2017-07-03
20436857,2017-07-03
20718081,2017-07-03
20724669,2017-07-04
20571406,2017-07-03
20709527,2017-07-03
20605538,2017-07-03
20743538,2017-07-03
20661829,2017-07-03
20743112,2017-07-03
20743710,2017-07-03
20743919,2017-07-03
20704932,2017-07-03
20668274,2017-07-03
20711778,2017-07-03
20688533,2017-07-03
20725759,2017-07-03
20685848,2017-07-03
20744512,2017-07-03
20732204,2017-07-04
20724345,2017-07-03
20734168,2017-07-06
20716397,2017-07-05
20703002,2017-07-03
20695586,2017-07-03
20693001,2017-07-03
20666387,2017-07-03
20496657,2017-07-03
20697287,2017-07-04
20715519,2017-07-03
20660877,2017-07-03
20712473,2017-07-03
20598601,2017-07-04
20689077,2017-07-03
20703057,2017-07-03
20732097,2017-07-03
20698088,2017-07-03
20743758,2017-07-03
20673890,2017-07-03
20630574,2017-07-03
20744630,2017-07-03
20708624,2017-07-04
20023877,2017-07-03
20691517,2017-07-03
20744158,2017-07-03
20744136,2017-07-03
20610620,2017-07-03
20689615,2017-07-03
20384193,2017-07-03
20663549,2017-07-03
20655825,2017-07-06
20654562,2017-07-03
20744656,2017-07-03
20709325,2017-07-03
20688550,2017-07-05
20590439,2017-07-03
20324033,2017-07-03
20674142,2017-07-03
20667573,2017-07-03
20658094,2017-07-03
20563748,2017-07-03
20713153,2017-07-04
20743633,2017-07-03
20743954,2017-07-03
20744747,2017-07-03
20517365,2017-07-03
20676042,2017-07-03
20109245,2017-07-04
20699829,2017-07-03
20643154,2017-07-03
20516392,2017-07-03
20437442,2017-07-05
20692734,2017-07-03
20707150,2017-07-03
20744031,2017-07-03
20693319,2017-07-03
20724462,2017-07-03
20727296,2017-07-08
20705690,2017-07-03
20744242,2017-07-03
20655427,2017-07-04
20667561,2017-07-03
20711286,2017-07-03
20656513,2017-07-03
20626990,2017-07-03
20632541,2017-07-03
20744690,2017-07-03
20706848,2017-07-03
20585363,2017-07-04
20744878,2017-07-04
20457324,2017-07-03
20698499,2017-07-03
20668798,2017-07-03
20721461,2017-07-04
20706205,2017-07-06
20725976,2017-07-03
20432401,2017-07-03
20743855,2017-07-05
20694123,2017-07-04
20713197,2017-07-03
20534639,2017-07-03
20717505,2017-07-05
20743851,2017-07-03
20724362,2017-07-03
20700309,2017-07-03
20019482,2017-07-03
20704741,2017-07-03
20694051,2017-07-03
20641323,2017-07-03
20688720,2017-07-03
20722090,2017-07-03
20568478,2017-07-03
20659588,2017-07-03
20574696,2017-07-04
20623932,2017-07-03
20744121,2017-07-03
20743623,2017-07-03
20719850,2017-07-04
20622312,2017-07-03
20743906,2017-07-03
20688947,2017-07-03
20541224,2017-07-03
20691039,2017-07-03
20718526,2017-07-03
20651810,2017-07-03
20592486,2017-07-03
20699504,2017-07-03
20629841,2017-07-03
20744403,2017-07-03
20728242,2017-07-03
20653390,2017-07-04
20743876,2017-07-03
20651766,2017-07-03
20744107,2017-07-03
20696753,2017-07-03
20702253,2017-07-03
20706604,2017-07-03
20667779,2017-07-03
20440022,2017-07-03
20501167,2017-07-04
20653480,2017-07-03
20662406,2017-07-08
20630472,2017-07-03
20741145,2017-07-03
20744311,2017-07-06
20744194,2017-07-03
20042219,2017-07-22
20735477,2017-07-03
20744353,2017-07-03
20690099,2017-07-03
20649753,2017-07-03
20675168,2017-07-03
20669199,2017-07-03
20638029,2017-07-03
20705408,2017-07-03
20724799,2017-07-03
20744926,2017-07-03
20734533,2017-07-06
20687503,2017-07-03
20744032,2017-07-04
20744566,2017-07-03
20733988,2017-07-03
20658723,2017-07-03
20687040,2017-07-03
20495922,2017-07-03
20683711,2017-07-03
20688361,2017-07-03
20698201,2017-07-03
20743336,2017-07-03
20743127,2017-07-03
20649993,2017-07-03
20656018,2017-07-03
20743671,2017-07-07
20567134,2017-07-03
20725269,2017-07-05
20724807,2017-07-03
20693212,2017-07-03
20592668,2017-07-03
20706174,2017-07-03
20728140,2017-07-05
20667026,2017-07-05
20702550,2017-07-04
20560794,2017-07-03
20659702,2017-07-04
20662748,2017-07-03
20670823,2017-07-03
20638662,2017-07-03
20710336,2017-07-03
20688314,2017-07-03
20743206,2017-07-05
20658628,2017-07-03
20436188,2017-07-03
20726501,2017-07-03
20685979,2017-07-03
20688643,2017-07-03
20744745,2017-07-03
20651283,2017-07-03
20706592,2017-07-04
20744464,2017-07-04
20689666,2017-07-03
20295922,2017-07-03
20647073,2017-07-03
20737500,2017-07-03
20743240,2017-07-03
20734944,2017-07-03
20707933,2017-07-03
20738064,2017-07-03
20589667,2017-07-03
20744672,2017-07-05
20698913,2017-07-03
20744355,2017-07-08
20718650,2017-07-04
20735710,2017-07-04
20686677,2017-07-03
20572160,2017-07-04
20229975,2017-07-03
20499797,2017-07-03
20690609,2017-07-03
20719428,2017-07-03
20642982,2017-07-03
20726093,2017-07-03
20683797,2017-07-03
20743522,2017-07-03
20743680,2017-07-03
20744342,2017-07-03
20688161,2017-07-04
20706545,2017-07-04
20687649,2017-07-03
20744229,2017-07-03
20707715,2017-07-03
20636164,2017-07-03
20744373,2017-07-03
20645325,2017-07-03
20718600,2017-07-03
20722663,2017-07-03
20731258,2017-07-03
20688685,2017-07-03
20630753,2017-07-03
20711265,2017-07-03
20743570,2017-07-03
20690357,2017-07-03
20743744,2017-07-03
20643303,2017-07-03
20613465,2017-07-03
20741782,2017-07-03
20577103,2017-07-03
20584401,2017-07-03
20744187,2017-07-03
20743406,2017-07-03
20744458,2017-07-03
20744856,2017-07-04
20695284,2017-07-03
20724671,2017-07-03
20701591,2017-07-03
20697309,2017-07-03
20661109,2017-07-03
20603387,2017-07-03
20724911,2017-07-03
20645329,2017-07-03
20650011,2017-07-03
20733299,2017-07-08
20674119,2017-07-03
20727179,2017-07-03
20721855,2017-07-04
20686449,2017-07-04
20581514,2017-07-03
20593641,2017-07-03
20689222,2017-07-03
20705391,2017-07-03
20743978,2017-07-03
20711914,2017-07-03
20693977,2017-07-03
20653806,2017-07-03
20744418,2017-07-03
20309425,2017-07-03
20459619,2017-07-03
20664676,2017-07-03
20403171,2017-07-03
20685994,2017-07-03
20696893,2017-07-04
20743761,2017-07-03
20641396,2017-07-03
20742236,2017-07-03
20706627,2017-07-03
20743207,2017-07-04
20680830,2017-07-03
20708079,2017-07-03
20617139,2017-07-04
20563462,2017-07-03
20729474,2017-07-03
20709924,2017-07-03
20673076,2017-07-03
20138467,2017-07-03
20689003,2017-07-04
20706431,2017-07-07
20725268,2017-07-03
20743378,2017-07-03
20744788,2017-07-03
20660253,2017-07-04
20665032,2017-07-03
20592954,2017-07-03
20594090,2017-07-03
20696450,2017-07-03
20630250,2017-07-03
20670548,2017-07-03
20706843,2017-07-03
20716282,2017-07-03
20717177,2017-07-03
20743239,2017-07-03
20673233,2017-07-03
20705309,2017-07-03
20575856,2017-07-03
20242839,2017-07-04
20648500,2017-07-03
20610365,2017-07-03
20590150,2017-07-03
20726186,2017-07-05
20713914,2017-07-03
20708378,2017-07-03
20704299,2017-07-03
20732755,2017-07-04
20727631,2017-07-03
20647683,2017-07-04
20653436,2017-07-03
20404931,2017-07-03
20668471,2017-07-03
20722051,2017-07-03
20743722,2017-07-03
20707826,2017-07-03
20739416,2017-07-03
20678370,2017-07-03
20689156,2017-07-03
20706062,2017-07-04
20705656,2017-07-03
20676236,2017-07-03
20744065,2017-07-03
20726648,2017-07-05
20501253,2017-07-03
20739373,2017-07-01
20743941,2017-07-03
20707690,2017-07-03
20744309,2017-07-03
20689274,2017-07-03
20707646,2017-07-03
20613568,2017-07-08
20742053,2017-07-03
20744068,2017-07-03
20722124,2017-07-03
20736643,2017-07-03
20652157,2017-07-03
20683036,2017-07-03
20593471,2017-07-03
20744425,2017-07-04
20696355,2017-07-03
20665799,2017-07-03
20743545,2017-07-05
20680298,2017-07-03
20726375,2017-07-03
20692837,2017-07-03
20743569,2017-07-03
20666965,2017-07-03
20744636,2017-07-03
20700542,2017-07-03
20724595,2017-07-03
20743910,2017-07-03
20333987,2017-07-03
20651893,2017-07-03
20730486,2017-07-03
20737173,2017-07-03
20744426,2017-07-03
20295040,2017-07-04
20684160,2017-07-03
20693091,2017-07-04
20735082,2017-07-03
20744847,2017-07-03
20680926,2017-07-03
20657175,2017-07-03
20669581,2017-07-03
20744272,2017-07-04
20333476,2017-07-03
20739307,2017-07-04
20657501,2017-07-03
20729664,2017-07-04
20743353,2017-07-03
20744903,2017-07-03
20705221,2017-07-03
20715338,2017-07-03
20583014,2017-07-03
20744375,2017-07-03
20728102,2017-07-05
20663697,2017-07-03
20597653,2017-07-03
20677089,2017-07-03
20712244,2017-07-03
20743313,2017-07-04
20724106,2017-07-03
20745057,2017-07-03
20740885,2017-07-03
20743979,2017-07-04
20743351,2017-07-03
20660621,2017-07-03
20717284,2017-07-03
20642725,2017-07-03
20629280,2017-07-03
20743459,2017-07-03
20688151,2017-07-03
20725529,2017-07-03
20723948,2017-07-03
20663544,2017-07-03
20693766,2017-07-03
20123575,2017-07-03
20708715,2017-07-04
20660933,2017-07-04
20648022,2017-07-03
20743657,2017-07-03
20744937,2017-07-03
20652302,2017-07-03
20743656,2017-07-03
20744318,2017-07-03
20653595,2017-07-04
20670849,2017-07-03
20683025,2017-07-03
20722669,2017-07-03
20744592,2017-07-03
20718060,2017-07-04
20743638,2017-07-03
20395402,2017-07-03
20655948,2017-07-03
20743789,2017-07-03
20381486,2017-07-03
20743429,2017-07-03
20632972,2017-07-05
20742756,2017-07-03
20668609,2017-07-03
20681825,2017-07-03
20609091,2017-07-03
20739592,2017-07-03
20690046,2017-07-03
20257364,2017-07-03
20721859,2017-07-04
20669355,2017-07-04
20744560,2017-07-03
20704494,2017-07-06
20702360,2017-07-04
20696932,2017-07-03
20518226,2017-07-03
20727689,2017-07-03
20689611,2017-07-03
20724434,2017-07-03
20736613,2017-07-03
20727802,2017-07-03
20647497,2017-07-03
20407236,2017-07-03
20063057,2017-07-03
20744905,2017-07-03
20405117,2017-07-03
20624752,2017-07-03
20709156,2017-07-03
20666183,2017-07-03
20611356,2017-07-07
20727438,2017-07-03
20743096,2017-07-03
20744077,2017-07-03
20744183,2017-07-04
20720086,2017-07-03
20725666,2017-07-05
20733999,2017-07-03
20581318,2017-07-03
20613448,2017-07-03
20744052,2017-07-03
20709826,2017-07-03
20659782,2017-07-03
20744473,2017-07-06
20669160,2017-07-03
20706742,2017-07-03
20669286,2017-07-03
20671297,2017-07-03
20705167,2017-07-03
20683471,2017-07-03
20678603,2017-07-04
20742559,2017-07-03
20741574,2017-07-03
20680876,2017-07-03
20684103,2017-07-03
20744023,2017-07-04
20707059,2017-07-03
20727094,2017-07-03
20725844,2017-07-03
20652219,2017-07-03
20744421,2017-07-03
20699156,2017-07-03
20677406,2017-07-03
20715424,2017-07-03
20744494,2017-07-03
20696952,2017-07-03
20705208,2017-07-03
20722194,2017-07-03
20728579,2017-07-03
20666808,2017-07-03
20717748,2017-07-03
20727444,2017-07-03
20691903,2017-07-03
20699101,2017-07-03
20728700,2017-07-03
20707942,2017-07-04
20670277,2017-07-03
20714937,2017-07-03
20638844,2017-07-03
20722100,2017-07-03
20612098,2017-07-03
20399337,2017-07-03
20656240,2017-07-03
20727166,2017-07-03
20744921,2017-07-03
20654624,2017-07-03
20654816,2017-07-03
20717480,2017-07-04
20743541,2017-07-04
20724906,2017-07-03
20575134,2017-07-03
20742444,2017-07-03
20738621,2017-07-03
20723608,2017-07-04
20705787,2017-07-03
20726955,2017-07-03
20674931,2017-07-03
20668486,2017-07-04
20725096,2017-07-03
20692783,2017-07-03
20476761,2017-07-03
20567116,2017-07-07
20020539,2017-07-13
20589579,2017-07-03
20503672,2017-07-03
20627474,2017-07-03
20643800,2017-07-03
20643222,2017-07-03
20705320,2017-07-03
20744345,2017-07-03
20724863,2017-07-03
20667056,2017-07-04
20640567,2017-07-03
20401215,2017-07-03
20646833,2017-07-03
20688281,2017-07-03
20690702,2017-07-03
20677703,2017-07-03
20742736,2017-07-03
20368958,2017-07-05
20726812,2017-07-03
20724977,2017-07-06
20726815,2017-07-03
20662577,2017-07-03
20686351,2017-07-03
20684302,2017-07-05
20681430,2017-07-04
20654807,2017-07-03
20723412,2017-07-03
20463356,2017-07-03
20649008,2017-07-03
20743314,2017-07-03
20707779,2017-07-03
20712281,2017-07-04
20591586,2017-07-04
20718495,2017-07-03
20682110,2017-07-03
20517993,2017-07-03
20681242,2017-07-03
20677584,2017-07-03
20728045,2017-07-04
20674577,2017-07-03
20610862,2017-07-03
20725081,2017-07-04
20537995,2017-07-03
20709150,2017-07-03
20691961,2017-07-03
20713614,2017-07-03
20588626,2017-07-03
20649343,2017-07-03
20720674,2017-07-03
20728792,2017-07-03
20683413,2017-07-03
20743525,2017-07-03
20743397,2017-07-03
20614894,2017-07-03
20688147,2017-07-03
20711751,2017-07-03
20742390,2017-07-03
20724628,2017-07-03
20565150,2017-07-03
20724322,2017-07-03
20604948,2017-07-03
20728230,2017-07-04
20585879,2017-07-03
20688087,2017-07-03
20686835,2017-07-05
20660294,2017-07-03
20698200,2017-07-03
20669744,2017-07-03
20742790,2017-07-03
20371449,2017-07-03
20656421,2017-07-03
20744429,2017-07-03
20637750,2017-07-03
20609672,2017-07-03
20668986,2017-07-03
20581554,2017-07-03
20538024,2017-07-03
20663457,2017-07-04
20631261,2017-07-03
20614286,2017-07-03
20639612,2017-07-03
20655700,2017-07-03
20682173,2017-07-03
20650994,2017-07-03
20666710,2017-07-03
20734303,2017-07-07
20727987,2017-07-05
20662248,2017-07-03
20697678,2017-07-03
20673671,2017-07-03
20689418,2017-07-03
20535340,2017-07-03
20744225,2017-07-03
20689135,2017-07-03
20681738,2017-07-03
20743866,2017-07-04
20724930,2017-07-03
20576189,2017-07-05
20743575,2017-07-03
20743809,2017-07-03
20553342,2017-07-03
20568339,2017-07-03
20706134,2017-07-03
20459086,2017-07-03